Producto;Marca;Talla;Color;"Cantidad Mínima";Existencias
1231;"ABSORBINE ";0-3M;" BEIGE";100;100
123456789000000;"ABSORBINE ";0;AJO;100;100
ABC;"ABSORBINE ";0;AJO;10;10
1234567;"ABSORBINE ";140;"BIANCO OTTICO";10;10
"ULTRA SHIELD ";"ABSORBINE ";"No Aplica";"No Aplica";1;0
"MAGIC CUSHION ";"ABSORBINE ";"No Aplica";"No Aplica";1;1
"Nevo XD";"ABSORBINE ";0;" BEIGE";1;1
10;"ALE TAILOR MADE";0;Ambar;10;10
"POLYGLYCAN ";BIMEDA;"No Aplica";"No Aplica";1;1
"VITALIZE ALIMEND";BIOZYME;"No Aplica";"No Aplica";1;0
"BIZZY BITES DULCES";"BIZZY BITES";"No Aplica";"No Aplica";1;0
CALMOSYL;"BOIRON ";"No Aplica";"No Aplica";1;0
"KENACORT A-10";"BRISTOL-MYERS SQUIBB";"No Aplica";"No Aplica";1;0
"POWER BOOST";CABASTIC;"No Aplica";"No Aplica";1;0
"GOLDEN PEACE";CABASTIC;"No Aplica";"No Aplica";1;0
"GASTRO CURE";CABASTIC;"No Aplica";"No Aplica";1;0
"GASTRO CURE";CABASTIC;"No Aplica";"No Aplica";1;0
CATOSAL;CABASTIC;"No Aplica";"No Aplica";1;0
"GOLDEN JOINTS";CABASTIC;"No Aplica";"No Aplica";1;0
"GOLDEN MUSCLE ";CABASTIC;"No Aplica";"No Aplica";1;0
"GOLDEN HOOVES";CABASTIC;"No Aplica";"No Aplica";1;0
"EASY DIGEST";CABASTIC;"No Aplica";"No Aplica";1;0
"COMPLETE PLUS ";CABASTIC;"No Aplica";"No Aplica";1;0
COMPLETE;CABASTIC;"No Aplica";"No Aplica";1;1
"PRO HOOF OIL";CABASTIC;"No Aplica";"No Aplica";1;0
"PRO HOOF OIL";CABASTIC;"No Aplica";"No Aplica";1;0
"PRO E-LYTES";CABASTIC;"No Aplica";"No Aplica";1;0
"PICK AND PACK ";CABASTIC;"No Aplica";"No Aplica";1;1
"EASY DIGEST";CABASTIC;"No Aplica";"No Aplica";1;1
"GOLDEN MUSCLE ";CABASTIC;"No Aplica";"No Aplica";1;0
"COMPLETE PLUS ";CABASTIC;"No Aplica";"No Aplica";1;1
"GOLDEN HOOVES";CABASTIC;"No Aplica";"No Aplica";1;1
"GOLDEN PEACE";CABASTIC;"No Aplica";"No Aplica";1;0
"MONTREAL PANT";CARMA;46;"LIGHT GREY";1;0
"WONDER 18 PANT";CARMA;42;"DARK BLUE";1;0
"MONTREAL PANT";CARMA;48;"LIGHT GREY";1;0
"MONTREAL PANT";CARMA;46;WHITE;1;1
"MONTREAL PANT";CARMA;50;"DARK BLUE";1;0
"MONTREAL PANT";CARMA;48;Beige;1;0
1234567898899999;CARMA;0;BLACK;10;10
"KARMA PANT";CARMA;48;Blanco;1;1
"CABALLERIA TOSCANA CASACA";"CAVALLERIA TOSCANA";36;BLACK;1;1
111;"CAVALOR ";146/152;"BIANCO OTTICO";80;80
"COOL SENS";"CAVALOR ";"No Aplica";"No Aplica";1;0
ARTITEC;"CAVALOR ";"No Aplica";"No Aplica";1;1
"HOOF AID SPECIAL ";"CAVALOR ";"No Aplica";"No Aplica";1;1
"HOOF AID SPECIAL ";"CAVALOR ";"No Aplica";"No Aplica";1;1
"CALM ";"CAVALOR ";"No Aplica";"No Aplica";1;0
"NUTRI PLUS";"CAVALOR ";"No Aplica";"No Aplica";1;1
"ET05C0XLCHB ETRIVIERES  XL";CWD;0;CAFÉ;1;0
"CHAMARRA ROJA CWD";CWD;L;ROJA;1;0
"CC11HSPM003CHJARGPVV COLLIER D CHASE 1/2 RONDE 003 NR";CWD;0;"CAFE / GRIS";1;0
"GE07CN003CHJARGPVV PROTEGE TENDON";CWD;0;"CAFE / GRIS";3;0
"BR09CHSP003CHB BRIDON ANATOMIQUE MOUSSER FRANCAISSE";CWD;0;CAFÉ;1;0
"BR09CHSPM003CHJARGPVV BRIDON ANATOMIQUE MOUSSER FRANCAISSE";CWD;0;"CAFE / GRIS";1;0
"CC11H003CHB COLLIER D CHASE 1/2 RONDE 003 NR";CWD;0;CAFÉ;1;0
"ET02C135CHB ETRIVIERES NYLON";CWD;0;CAFÉ;1;0
"ET05C00LCHB ETRIVIERES  L";CWD;0;CAFÉ;1;0
"CHAMARRA ROJA CWD";CWD;S;ROJA;1;0
"RA02C003CHB RENES ALL CORDE";CWD;0;CAFÉ;1;0
"GE31CM003CHBARGPVV PROTEGE BOULET";CWD;0;"CAFE / GRIS";1;0
"BR08FHSP003CHJ BRIDON- MOUSSER FRANCAISSE";CWD;0;CAFÉ;1;0
"CC11HSPM003CHJROSLKRJ COLLIER D CHASE 1/2 RONDE 003 NR";CWD;0;"CAFÉ /ROSA";1;0
0909090;CWD;150;APPLE;10;10
"BACKPACK CDW ROJA";CWD;"No Aplica";"No Aplica";1;1
"BR08FHSP003NRJ BRIDON - ROUND DOUBLE MOUSSEROL";CWD;0;NEGRA;3;2
"GE15C002CHJ PROTEGE TENDON 002";CWD;"No Aplica";CAFÉ;1;1
"GORRA CWD";CWD;56;NEGRO/ROJO;3;3
"ER01C003CHB GOGUE 003";CWD;"No Aplica";CAFÉ;1;1
"GE24C003CHB PROTEGE BOULET 003";CWD;"No Aplica";CAFÉ;1;0
"LI02H003CHJ LICOLECURIE 003 CH";CWD;0;CAFÉ;2;1
"SA08C135CHB SANGLE BAVETTE CONTACT";CWD;135/54;CAFÉ;1;1
"RT01N BREASTPLATE+T04N LEATHER FORK ";CWD;"No Aplica";CAFÉ;1;1
SPIKE;DADA;S;NAVY;0;0
"FANCY ME";DADA;XS;NAVY;0;0
MARTINGALA;DYON;"No Aplica";Negro;1;0
BLINKER;DYON;"No Aplica";Negro;1;0
MARTINGALA;DYON;"No Aplica";CAFÉ;1;0
BLINKER;DYON;"No Aplica";CAFÉ;1;0
"HALF CHAPS WHITH ZIP CONFORT LEATHER";DYON;M;BROWN;1;1
HALFCHAPS;DYON;"No Aplica";BROWN;1;1
"eLIGTH REAR L BLACK";EQUICK;L;BLACK;1;0
"eVO BROWN  M ELASTIC";EQUICK;M;BROWN;1;0
"eUP MINI BROWN L VELCRO";EQUICK;L;BROWN;1;0
"eVO BLACK L ELASTIC";EQUICK;L;BLACK;1;0
"eUP REAR M BLACK";EQUICK;M;BLACK;1;0
"eVO BROWN L ELASTIC";EQUICK;L;BROWN;1;0
"eSHOCK REAR  M BLACK LEGEND";EQUICK;M;BLACK;1;0
"eSHOCK REAR M LEGEND BLACK";EQUICK;M;BLACK;1;0
"eVO BLACK M VELCRO";EQUICK;M;BLACK;1;0
"eUP REAR L BROWN";EQUICK;L;BROWN;1;0
"eVO BROWN M VELCRO";EQUICK;M;BROWN;1;0
"eLIGTH REAR M BROWN";EQUICK;M;BROWN;1;1
"eLIGTH REAR L BROWN";EQUICK;L;BROWN;1;0
"ESHOCK FRONT M BLACK";EQUICK;M;Negro;1;1
"eUP MINI BROWN M ELASTIC";EQUICK;M;BROWN;3;0
"eVO BROWN L VELCRO";EQUICK;L;BROWN;1;0
"eLIGTH REAR M BLACK";EQUICK;M;BLACK;1;0
" E FLUID GEL SANGLE BAVETTE 145  E FLUID GEL SANGLE BAVETTE 145";EQUICK;145;CAFÉ;1;1
"ELIGHT FRONT L BROWN";EQUICK;L;CAFÉ;1;0
"eUP MINI BROWN L ELASTIC";EQUICK;L;BROWN;1;1
"eUP REAR M BROWN";EQUICK;M;BROWN;1;0
"eVO BLACK L VELCRO";EQUICK;L;BLACK;1;0
"eUP REAR L BLACK";EQUICK;L;BLACK;1;0
"eVO BLACK M ELASTIC";EQUICK;M;BLACK;1;0
"eSHOCK REAR  L BLACK LEGEND";EQUICK;L;BLACK;1;0
"ELIGHT FRONT M BROWN";EQUICK;M;CAFÉ;1;0
"eUP MINI BROWN M VELCRO";EQUICK;M;BROWN;1;0
"FRONT PROTECTORS L B / R";EQUIFIT;L;"BLACK / RED";1;0
"FRONT PROTECTORS L B / W";EQUIFIT;L;"BLACK / WHITE";1;0
"REAR PROTECTORS B / R";EQUIFIT;TU;"BLACK / RED";1;0
"BELL BOOT";EQUIFIT;Mediana;BLACK;2;1
"ESSENTIAL EVERYDAY BOOT, HIND";EQUIFIT;L;BLACK;1;1
"PROTECTOR DE CORONA ";EQUIFIT;UNITALLA;Negro;6;3
"ROLLO DE CALCETA PARA CABALLO (INDIVIDUAL)";EQUIFIT;UNITALLA;Blanco;4;3
"CALCETAS DE GEL CORTA PARA CABALLO (PAR)";EQUIFIT;UNITALLA;Negro;3;3
"FORROS DE VENDAJE ESTANDAR DELANTEROS (T-FOAM)";EQUIFIT;L;Negro;3;3
"SOLE SUPPORT IMPRESSION MATERIAL ";"EQUINE DIGIT SUPPORT SYSTEM, INC.";"No Aplica";"No Aplica";1;0
"OREJERA EQU STAR COMPLETA";"EQUS TAR";UNITALLA;Azul;1;1
"OREJERA EQU STAR COMPLETA";"EQUS TAR";UNITALLA;Azul;1;1
"OREJERA EQU STAR COMPLETA";"EQUS TAR";S;Azul;1;1
"OREJERA EQU STAR COMPLETA";"EQUS TAR";UNITALLA;GRIS;1;1
"OREJERA EQU STAR COMPLETA";"EQUS TAR";UNITALLA;BLACK;1;1
"OREJERA EQU STAR COMPLETA";"EQUS TAR";"No Aplica";CAFÉ;1;1
"OREJERA EQU STAR COMPLETA";"EQUS TAR";UNITALLA;GRIS;1;1
"OREJERA EQU STAR COMPLETA";"EQUS TAR";UNITALLA;GRIS;1;1
"OREJERA EQU STAR COMPLETA";"EQUS TAR";UNITALLA;GRIS;1;1
"FIRST LADY CARBONE 2X  1907 2154";GPA;"55 - - 6 3/4";"NEGRO /CAFÉ  BRILLO";1;0
"SPEED AIR CARBONE 2X  1910 2102";GPA;"57 -56 CM - 7";"GRIS MATE";1;1
"FIRST LADY CARBONE 2X  2003 2226";GPA;"58 - 57 CM - 7 1/8";"GRIS /AZUL";1;1
"SPEED AIR CARBONE 2X  ";GPA;"60 - 7 3/8";"GRIS MATE";1;0
"FIRST LADY CARBONE 2X  1909 2168";GPA;"58 - - 7 1/8";"NEGRO / GRIS  BRILLO";1;0
"FIRST LADY CARBONE 2X  2003 2225";GPA;"57 - 56 CM - 7";"GRIS / CAFÉ";1;0
"FIRST LADY CONCEPT 2X  1910 1064";GPA;"57 - - 7";"NEGRO /CAFÉ  BRILLO";1;0
"GLOBAL 4S";GPA;"60  - - ";"NEGRO MATE";1;1
"CLASSIC 2X 10/2018";GPA;"58 57 CM -";"NEGRO MATE";1;1
"FIRST LADDY CARBONE 2X";GPA;"57 - - 7";"NEGRO BRILLO";1;0
"FIRST LADDY CARBONE 2X";GPA;"57 - - 7";"NEGRO / GRIS  BRILLO";1;1
"FIRST LADDY CARBONE 2X ";GPA;"58 - - 7 1/8";GRIS;1;1
"SPEED AIR CARBONE 2X  ";GPA;"61 - - 7 1/2";"GRIS MATE";1;1
"FIRST LADDY CARBONE 2X";GPA;"58 - 57 CM - 7 1/8";"NEGRO MATE";1;0
"FIRST LADDY CARBONE 2X";GPA;"57 - 56 CM - 7";"NEGRO /CAFÉ  BRILLO";1;1
"FIRST LADDY CARBONE 2X";GPA;"58 - 57 CM - 7 1/8";BLACK/BLUE;1;1
"TENISS GPA ";GPA;40;Blanco;1;1
"TENISS GPA ";GPA;42;Blanco;2;1
ARNICA-INJEEL;"HEEL ";"No Aplica";"No Aplica";1;1
"DISCUS COMPOSITUM LT ";"HEEL VET";"No Aplica";"No Aplica";1;0
"DMG 3000";"HORSE MASTER ";"No Aplica";"No Aplica";1;1
"TEAM SHIRT WOMEN";"HORSE PILOT";S;GREY;1;0
"RTW AEROTECH JACKET";"HORSE PILOT";50;BLACK;1;0
"SOFTLIGHT JACKET FEMME 2018";"HORSE PILOT";L;EMERALD;1;1
"RIDER VEST MEN 2020";"HORSE PILOT";XS;NAVY;2;1
"X PURE PANT WOMEN 2019";"HORSE PILOT";S;WHITE;1;0
"AEROLIGHT SHIRT MC MEN2022";"HORSE PILOT";S;WHITE;1;0
"AEROLIGHT SHIRT ML MEN2020";"HORSE PILOT";S;"LIGHT GREY";1;1
"RTW AEROTECH JACKET WOMEN 2019";"HORSE PILOT";38;BLACK;1;0
"HYBRID TEMPEST MEN 2019";"HORSE PILOT";M;NAVY;1;0
"X BALANCE PANT WOMEN 2019";"HORSE PILOT";XS;WHITE;1;0
"RTW AEROTECH JACKET WOMEN 2019";"HORSE PILOT";38;GREY;1;1
"FLEXIFIT CAP";"HORSE PILOT";S;Beige;1;0
"STORM JACKET MEN 2020";"HORSE PILOT";S;BLACK;1;0
"CAPSULE AEROLIGHT SHIRT ML WOMEN 2019";"HORSE PILOT";XS;"BURGUNDY DOT";1;0
"REVOLUTION T SHIRT WOMEN 2019";"HORSE PILOT";XS.S;GREY;1;1
"AEROLIGHT SHIRT MC MEN2020";"HORSE PILOT";L;NAVY;1;0
"AEROLIGHT SHIRT ML MEN2022";"HORSE PILOT";L;NAVY;1;0
"X BALANCE PANT NEW HOMME2018";"HORSE PILOT";XS;NAVY;1;0
"STORM JACKETWOMEN 2019";"HORSE PILOT";L;TEAL;1;1
"X BALANCE PANT WOMEN 2019";"HORSE PILOT";XS;WHITE;1;0
"AEROLIGHT SHIRT MC MEN2022";"HORSE PILOT";M;TAUPE;1;0
"HYBRID TEMPEST MEN 2019";"HORSE PILOT";XS;NAVY;1;0
"AEROLIGHT SHIRT ML WOMEN 2019";"HORSE PILOT";M;"LIGHT GREY";1;0
"BOMBER AIRBAG COMPATIBLE HOMME 2018";"HORSE PILOT";XS;NAVY;1;0
"AEROLIGHT SHIRT MC MEN2019";"HORSE PILOT";XS;WHITE;1;0
"STORM JACKET MEN 2019";"HORSE PILOT";S;KAKI;1;1
"RIDER VEST MEN 2020";"HORSE PILOT";M;NAVY;1;0
"SUMMER TEMPEST WOMEN 2019";"HORSE PILOT";L;TEAL;1;1
"STORM JACKET MEN 2020";"HORSE PILOT";L;Beige;1;1
"X DESING PANT WOMEN 2020";"HORSE PILOT";XS;WHITE/GREY;1;0
"CAPSULE AEROLIGHTSHIRT ML WOMEN2019";"HORSE PILOT";S;"NAVY DOT";1;0
"AEROTECH JACKET";"HORSE PILOT";50;"NEGRO / GRIS";1;0
"VESTE ENFANT";"HORSE PILOT";14.A;MARINE;1;0
"HYBRID TEMPEST MEN 2019";"HORSE PILOT";L;NAVY;1;0
"X BALANCE PANT WOMEN 2019";"HORSE PILOT";S;WHITE;1;0
"RTW AEROTECH JACKET WOMEN 2019";"HORSE PILOT";36;GREY;1;1
"STORM JACKETWOMEN 2019";"HORSE PILOT";XS;TEAL;1;1
"AEROLIGHT SHIRT ML WOMEN 2019";"HORSE PILOT";M;NAVY;1;0
"REVOLUTION T SHIRT WOMEN 2019";"HORSE PILOT";M.L;GREY;1;1
BEANIE2019;"HORSE PILOT";TU;NAVY;1;0
"AEROLIGHT SHIRT MC MEN2020";"HORSE PILOT";XL;"LIGHT GREY";1;1
"AEROLIGHT SHIRT MC MEN2022";"HORSE PILOT";S;NAVY;1;0
"X BALANCE PANT NEW HOMME2018";"HORSE PILOT";S;NAVY;1;0
"TEMPEST WOMEN 2019";"HORSE PILOT";XS;GREY;1;1
"HYBRID TEMPEST WOMEN 2019";"HORSE PILOT";S;NAVY;1;0
"A.M.P. JACKET";"HORSE PILOT";38;NAVY;1;0
"BOMBER AIRBAG COMPATIBLE HOMME 2018";"HORSE PILOT";S;NAVY;1;0
"AEROLIGHT SHIRT MC MEN2022";"HORSE PILOT";S;WHITE;1;0
"STORM JACKET MEN 2020";"HORSE PILOT";S;TEAL;3;0
"RIDER VEST MEN 2020";"HORSE PILOT";S;Beige;1;0
"TEMPEST SEWAT FEMME 2018";"HORSE PILOT";M;EMERALD;3;0
"AEROLIGHT SHIRT MC MEN2022";"HORSE PILOT";M;NAVY;1;1
"CAPSULE AEROLIGHTSHIRT ML WOMEN2019";"HORSE PILOT";M;"NAVY DOT";1;1
"AEROLIGHT SHIRT ML MEN2019";"HORSE PILOT";XL;NAVY;1;0
"X BALANCE PANT WOMEN 2019";"HORSE PILOT";XS;KAKI;1;0
"A.M.P. JACKET";"HORSE PILOT";40;BLACK;1;1
"AEROTECH JACKET";"HORSE PILOT";50;Negro;1;0
"STORM JACKET MEN 2019";"HORSE PILOT";XS;TEAL;1;0
"RTW AEROTECH JACKET";"HORSE PILOT";50;NAVY;1;0
"SOFTLIGHT JACKET FEMME 2018";"HORSE PILOT";XL;EMERALD;1;1
"RIDER VEST MEN 2020";"HORSE PILOT";XS;PINK;1;0
"X PURE PANT WOMEN 2019";"HORSE PILOT";M;WHITE;1;0
"TEMPEST MEN 2019";"HORSE PILOT";S;NAVY;1;0
"AEROLIGHT SHIRT MC MEN2019";"HORSE PILOT";M;WHITE;1;0
"AEROLIGHT SHIRT ML WOMEN 2019";"HORSE PILOT";S;WHITE;1;0
"AEROLIGHT SHIRT MC MEN2020";"HORSE PILOT";S;NAVY;1;1
"RTW AEROTECH JACKET WOMEN 2019";"HORSE PILOT";40;BLACK;1;0
"AEROLIGHT SHIRT MC MEN2022";"HORSE PILOT";M;WHITE;1;0
"RIDER VEST MEN 2020";"HORSE PILOT";S;NAVY;1;0
"HYBRID TEMPEST WOMEN 2019";"HORSE PILOT";XS;NAVY;1;0
"AEROLIGHT SHIRT MC MEN2022";"HORSE PILOT";M;WHITE;1;0
"AEROLIGHT SHIRT MC WOMEN 2019";"HORSE PILOT";L;NAVY;1;0
"WHITE TIE";"HORSE PILOT";0;WHITE;1;0
"X BALANCE PANT FEMME2018";"HORSE PILOT";XS;NAVY;1;0
"AEROTECH JACKET";"HORSE PILOT";48;NEGRO/ROJO;1;0
"STORM JACKET MEN 2019";"HORSE PILOT";XL;TEAL;1;0
"X BALANCE PANT FEMME2018";"HORSE PILOT";S;NAVY;1;0
"RTW AEROTECH JACKET";"HORSE PILOT";46;NAVY;1;0
"ELEMENT JACKET FEMME 2018";"HORSE PILOT";S;NAVY;1;1
"RIDER VEST MEN 2020";"HORSE PILOT";S;ICEBERG;1;0
"STORM JACKETWOMEN 2019";"HORSE PILOT";XS;PEACH;1;1
"AEROLIGHT SHIRT ML WOMEN 2019";"HORSE PILOT";S;WHITE;1;0
"AEROLIGHT SHIRT ML WOMEN 2019";"HORSE PILOT";M;WHITE;1;0
"AEROLIGHT SHIRT MC MEN2020";"HORSE PILOT";M;NAVY;1;0
"AEROLIGHT SHIRT ML MEN2021";"HORSE PILOT";M;NAVY;1;0
"X PURE PANT WOMEN 2019";"HORSE PILOT";XS;BLACK;1;0
"X BALANCE PANT NEW HOMME2018";"HORSE PILOT";M;WHITE;1;0
"STORM JACKETWOMEN 2019";"HORSE PILOT";S;TEAL;1;0
"AEROLIGHT SHIRT ML WOMEN 2019";"HORSE PILOT";S;NAVY;1;0
"REVOLUTION T SHIRT WOMEN 2019";"HORSE PILOT";XS.S;ICEBERG;1;1
"AEROLIGHT SHIRT ML WOMEN 2019";"HORSE PILOT";XS;"WHITE / LIGTH GREY";1;1
"AEROLIGHT SHIRT ML MEN2019";"HORSE PILOT";M;WHITE;1;1
"TEMPEST SWEAT HOMME 2018";"HORSE PILOT";XS;NAVY;1;1
"TEMPEST WOMEN 2019";"HORSE PILOT";S;GREY;1;1
"SUMMER TEMPEST WOMEN 2018";"HORSE PILOT";S;PEACH;1;0
"X DESING PANT WOMEN 2020";"HORSE PILOT";S;WHITE/GREY;1;0
"SOFTLIGHT JACKET MEN 2019";"HORSE PILOT";S;NAVY;1;1
"AEROLIGHT SHIRT MC WOMEN 2019";"HORSE PILOT";S;"WHITE / LIGTH GREY";1;0
"A.M.P. JACKET";"HORSE PILOT";42;NAVY;1;0
"VESTE ENFANT";"HORSE PILOT";14.A;NOIR;1;0
"TEMPEST SWEAT HOMME 2018";"HORSE PILOT";M;NAVY;1;0
"SUMMER TEMPEST WOMEN 2018";"HORSE PILOT";L;PEACH;1;1
"X DESING PANT WOMEN 2020";"HORSE PILOT";M;WHITE/GREY;1;0
"CAPSULE AEROLIGHTSHIRT ML WOMEN2019";"HORSE PILOT";XS;"NAVY DOT";1;0
"AEROLIGHT SHIRT ML MEN2019";"HORSE PILOT";XS;NAVY;1;1
"A.M.P. JACKET";"HORSE PILOT";34;BLACK;1;0
"COMP JACKET";"HORSE PILOT";38;"NEGRO / GRIS";1;0
"VESTE ENFANT";"HORSE PILOT";10.A;MARINE;1;0
"HYBRID TEMPEST MEN 2019";"HORSE PILOT";S;NAVY;1;0
"X BALANCE PANT WOMEN 2019";"HORSE PILOT";L;HUNTER;1;0
"RTW AEROTECH JACKET WOMEN 2019";"HORSE PILOT";38;BURGUNDY;1;1
"ELEMENT JACKET FEMME 2018";"HORSE PILOT";M;NAVY;1;0
"STORM JACKETWOMEN 2019";"HORSE PILOT";S;ICEBERG;1;0
"EXCHANGE BELT2022";"HORSE PILOT";TU;BLUE/WHITE;1;0
"AEROLIGHT SHIRT ML MEN2020";"HORSE PILOT";M;"LIGHT GREY";3;3
"AIRBAG OUTER SHELL COVER";"HORSE PILOT";S;BLACK;1;0
"RTW AEROTECH JACKET WOMEN 2019";"HORSE PILOT";36;GREY;1;1
"RTM AEROTECH JACKET MEN 2019";"HORSE PILOT";50;NAVY;1;1
"AEROLIGHT SHIRT ML MEN2020";"HORSE PILOT";S;NAVY;4;3
"AEROLIGHT SHIRT MC WOMEN 2019";"HORSE PILOT";S;"LIGHT PINK";1;1
"AEROLIGHT SHIRT MC WOMEN 2019";"HORSE PILOT";XS;"LIGHT GREY";1;1
"AEROLIGHT SHIRT MC WOMEN 2019";"HORSE PILOT";XS;"BLACK / WHITE";1;1
"AEROLIGHT SHIRT MC MEN 2019";"HORSE PILOT";L;"BLACK / WHITE";2;1
"AEROLIGHT SHIRT MEN 2019";"HORSE PILOT";XL;"LIGHT GREY";1;1
"AEROLIGHT SHIRT MC MEN2022";"HORSE PILOT";XL;"BLACK / WHITE";3;0
"AEROLIGHT SHIRT MC MEN 2019";"HORSE PILOT";M;"LIGHT GREY";1;1
"AEROLIGHT SHIRT MEN 2019";"HORSE PILOT";S;"LIGHT GREY";1;1
"AEROLIGHT SHIRT MC MEN 2019";"HORSE PILOT";L;NAVY;1;1
"AEROLIGHT SHIRT MC MEN 2019";"HORSE PILOT";M;"BLACK / WHITE";1;1
"AEROLIGHT SHIRT ML WOMEN 2019";"HORSE PILOT";XS;Blanco;1;1
"AEROLIGHT SHIRT ML WOMEN 2019";"HORSE PILOT";XS;"BLACK / WHITE";1;0
"AEROLIGHT SHIRT ML WOMEN 2019";"HORSE PILOT";XS;"LIGHT GREY";1;1
"AEROLIGHT SHIRT ML MEN2019";"HORSE PILOT";L;"LIGHT GREY";1;1
"AEROLIGHT SHIRT ML MEN 2019";"HORSE PILOT";M;"BLACK / WHITE";1;1
"AEROLIGHT SHIRT ML MEN 2019";"HORSE PILOT";M;NAVY;7;2
"AEROLIGHT SHIRT ML MEN 2019";"HORSE PILOT";M;" BEIGE";1;1
"AEROLIGHT SHIRT ML MEN 2019";"HORSE PILOT";S;"No Aplica";1;1
"AEROLIGHT SHIRT MC MEN 2019";"HORSE PILOT";M;" BEIGE";1;1
"AEROLIGHT SHIRT ML MEN 2019";"HORSE PILOT";XS;" BEIGE";1;0
"AEROLIGHT SHIRT ML MEN 2019";"HORSE PILOT";S;"BLACK / WHITE";1;0
"A.M.P. JACKET";"HORSE PILOT";38;BLACK;3;3
"A.M.P JACKET";"HORSE PILOT";36;BLACK;1;1
"A.M.P JACKET";"HORSE PILOT";46;BLACK;1;1
"A.M.P JACKET";"HORSE PILOT";54;NAVY;1;0
"A.M.P. JACKET";"HORSE PILOT";50;NAVY;1;1
"A.M.P JACKET";"HORSE PILOT";46;BLACK;1;1
"STORM JACKET WOMEN 2020";"HORSE PILOT";S;BLACK;1;1
"RAIN FREE JACKET FEMME 2018";"HORSE PILOT";XS;NAVY;1;0
"STORM JACKETWOMEN 2019";"HORSE PILOT";M;ICEBERG;1;0
"TEMPEST SWEAT MEN 2019";"HORSE PILOT";M;GREY;1;0
"RAIDER VEST WOMEN 2020 ";"HORSE PILOT";S;NAVY;1;1
"TEMPEST WOMEN 2019";"HORSE PILOT";S;NAVY;1;1
"RAIDER VEST WOMEN 2020 ";"HORSE PILOT";XS;"LIGHT PINK";1;1
"RTW AEROTECH JACKET WOMEN 2019";"HORSE PILOT";38;NAVY;2;2
"AEROLIGHT SHIRT ML MEN2020";"HORSE PILOT";S;" BEIGE";1;0
"RAIN FREE JACKET FEMME 2018";"HORSE PILOT";L;NAVY;1;1
"TEMPEST SWEAT MEN 2019";"HORSE PILOT";L;GREY;1;1
"STORM JACKET MEN 2020";"HORSE PILOT";S;"BLUE /059";1;0
"RAIDER VEST WOMEN 2020";"HORSE PILOT";XS;NAVY;1;1
"STORM JACKET MEN 2020";"HORSE PILOT";M;" BEIGE";3;0
"HYBRID TEMPEST MEN 2019";"HORSE PILOT";S;NAVY;2;2
"STORM JACKET WOMEN 2020";"HORSE PILOT";XS;BLACK;1;1
"STORM JACKET MEN 2022";"HORSE PILOT";L;" BEIGE";1;0
"STORM JACKET WOMEN 2020";"HORSE PILOT";XS;Beige;1;1
"A.M.P. JACKET";"HORSE PILOT";42;BLACK;1;0
"TEMPEST MEN 2019";"HORSE PILOT";M;NAVY;1;1
"STORM JACKET MEN 2020";"HORSE PILOT";M;BLACK;2;2
"TEMPEST WOMEN 2019";"HORSE PILOT";XS;NAVY;1;1
"STORM JACKET MEN 2020";"HORSE PILOT";XS;BLACK;1;1
"RAIDER VEST WOMEN 2020 ";"HORSE PILOT";XS;ICEBERG;1;1
"STORM JACKET MEN 2020";"HORSE PILOT";S;BLACK;2;1
"STORM JACKET MEN 2020";"HORSE PILOT";XS;Beige;1;1
"RAIDER VEST MEN 2020 ";"HORSE PILOT";S;Beige;1;1
"STORM JACKET MEN 2020";"HORSE PILOT";S;Beige;2;2
"SOFTLIGHT JACKET MEN 2019";"HORSE PILOT";M;NAVY;1;1
"TEMPEST SWEAT MEN 2019";"HORSE PILOT";S;GREY;1;1
"STORM JACKET MEN 2020";"HORSE PILOT";M;" BEIGE";1;1
"STORM JACKET WOMEN 2019";"HORSE PILOT";S;BLACK;1;1
"BEANIE 2019";"HORSE PILOT";TU;GREY;3;3
"BEANIE 2019";"HORSE PILOT";TU;KAKI;1;1
"BEANIE 2019";"HORSE PILOT";TU;NAVY;2;2
"BOMBERS AIRBAG COMPATIBLE FEMME 2018";"HORSE PILOT";M;NAVY;2;0
"BOMBERS AIRBAG COMPATIBLE FEMME 2018";"HORSE PILOT";XS;BLACK;1;1
"BOMBERS AIRBAG COMPATIBLE FEMME 2018";"HORSE PILOT";XS;NAVY;1;1
"BOMBERS AIRBAG COMPATIBLE FEMME 2018";"HORSE PILOT";S;BLACK;2;2
"BOMBERS AIRBAG COMPATIBLE FEMME 2018";"HORSE PILOT";S;NAVY;1;1
"CAPSULE AEROLIGHTSHIRT ML WOMEN2019";"HORSE PILOT";L;"BURGUNDY DOT";1;1
"CAPSULE AEROLIGHT SHIRT ML WOMEN 2019";"HORSE PILOT";S;"BURGUNDY DOT";1;1
"COMPRESSION SOCKS 2016";"HORSE PILOT";M;NAVY;1;1
"EXCHANGE BELT 2018";"HORSE PILOT";TU;GREY/WHITE;9;9
"EXCHANGE BELT 2018";"HORSE PILOT";TU;PINK/WHITE;1;1
"EXCHANGE BELT 2018";"HORSE PILOT";TU;NAVY;4;1
"FLEXFIT CAP 2019";"HORSE PILOT";S;" BEIGE";5;1
"FLEXIFIT CAP 2019";"HORSE PILOT";M;Beige;2;2
"AEROTECH CAP 2020";"HORSE PILOT";S;GREY;5;0
"AEROTECH CAP 2020";"HORSE PILOT";M;GREY;9;4
"DELTA CAP 2020";"HORSE PILOT";M;NAVY;8;2
"KIT DE ARMADO  AIRBAG VEST";"HORSE PILOT";M;BLACK;5;2
"KIT DE ARMADO  AIRBAG VEST";"HORSE PILOT";L;BLACK;9;6
"KIT DE ARMADO  AIRBAG VEST";"HORSE PILOT";XL;BLACK;1;1
"KIT DE ARMADO  AIRBAG VEST";"HORSE PILOT";S;BLACK;1;0
"KIT DE ARMADO  AIRBAG VEST";"HORSE PILOT";XS;Negro;18;10
"KIT AIRBAG";"HORSE PILOT";XL;BLACK;1;1
"MAGNET BELT 2019";"HORSE PILOT";TU;GREY;5;4
"MAGNET BELT 2019";"HORSE PILOT";TU;NAVY;5;3
"STORM JACKET FEMME 2018";"HORSE PILOT";L;NAVY;1;1
"STORM JACKET MEN 2020";"HORSE PILOT";L;"BLUE /059";1;0
"AIRBAG OUTER SHELL 2017";"HORSE PILOT";M;BLACK;1;1
T-SHIR;"HORSE PILOT";XS;"AZUL / BLANCO";1;1
T-SHIR;"HORSE PILOT";S;GREY;1;1
T-SHIR;"HORSE PILOT";S;GREY;1;1
T-SHIR;"HORSE PILOT";M;GREY;1;1
"TEAM SHIRT WOMEN 2019 MC ";"HORSE PILOT";M;GREY;1;1
"TEAM SHIRT MEN 2019 ML";"HORSE PILOT";XL;NAVY;1;1
"TEAM SHIRT MEN 2019 ML";"HORSE PILOT";L;NAVY;1;1
"X-BALANCE PANT WOMEN 2019";"HORSE PILOT";XS;KAKI;2;1
"X-BALANCE PANT FEMME2018";"HORSE PILOT";XS;NAVY;1;0
"X BALANCE PANT MEN 2020";"HORSE PILOT";S;HUNTER;3;3
"X BALANCE PANT MEN 2020";"HORSE PILOT";M;"BLACK / WHITE";1;1
"X BALANCE PANT MEN 2020";"HORSE PILOT";L;HUNTER;1;1
"X-DESING PANT WOMEN 2020";"HORSE PILOT";M;" BEIGE";1;1
"X DESING PANT WOMEN 2020";"HORSE PILOT";XS;GREY/WHITE;1;1
"AA MENS MOTION LITE JACKET";"HORSE WARE";M;BLACK;1;0
"AA LADIES MOTION LITE JACKET";"HORSE WARE";XXS;BLACK;11;0
"AA MENS MOTION LITE JACKET";"HORSE WARE";M;AVIATION;2;1
"AA LADIES MOTION LITE JACKET AZUL";"HORSE WARE";XXS;NAVY;1;1
"AA MENS MOTION LITE JACKET";"HORSE WARE";XS;GRAY;1;0
"AA MENS MOTION LITE JACKET";"HORSE WARE";L;"HUNTER GREEN";1;1
"AA MENS MOTION LITE JACKET";"HORSE WARE";L;GRAY;1;0
"AA LADIES MOTION LITE JACKET ";"HORSE WARE";XXS;Azul;1;1
"AA MENS MOTION LITE JACKET";"HORSE WARE";XXS;NAVY;1;1
"AA LADIES MOTION LITE JACKET";"HORSE WARE";S;Azul;1;1
"AA LADIES MOTION LITE JACKET AZUL";"HORSE WARE";XS;NAVY;1;0
"AA MENS MOTION LITE JACKET";"HORSE WARE";S;GRAY;1;1
"AA MENS MOTION LITE JACKET";"HORSE WARE";XL;GRAY;1;1
"AA LADIES MOTION LITE JACKET";"HORSE WARE";L;GREY;10;2
"AA MENS MOTION LITE JACKET";"HORSE WARE";S;NAVY;1;1
"AA LADIES MOTION LITE JACKET";"HORSE WARE";XS;Azul;1;1
"AA MENS MOTION LITE JACKET";"HORSE WARE";XS;AVIATION;1;1
"AA MENS MOTION LITE JACKET";"HORSE WARE";L;BLACK;1;0
"AA LADIES MOTION LITE JACKET";"HORSE WARE";XXS;GREEN;1;1
"AA MENS MOTION LITE JACKET";"HORSE WARE";L;AVIATION;1;0
"AA MENS MOTION LITE JACKET";"HORSE WARE";M;NAVY;1;1
"AA LADIES MOTION LITE JACKET";"HORSE WARE";XS;BLACK;109;1
"AA MENS MOTION LITE JACKET";"HORSE WARE";S;AVIATION;1;1
"AA LADIES MOTION LITE JACKET GRIS";"HORSE WARE";XS;GRIS;1;1
"AA MENS MOTION LITE JACKET";"HORSE WARE";XL;AVIATION;1;1
"AA LADIES MOTION LITE JACKET";"HORSE WARE";XS;NAVY;1;1
"AA MENS MOTION LITE JACKET";"HORSE WARE";M;GRAY;1;1
"AA MENS MOTION LITE JACKET";"HORSE WARE";S;"HUNTER GREEN";1;1
"AA LADIES MOTION LITE JACKET";"HORSE WARE";S;GREEN;1;1
"AA MENS MOTION LITE JACKET";"HORSE WARE";M;"HUNTER GREEN";1;1
"AA LADIES MOTION LITE JACKET";"HORSE WARE";L;GREEN;1;1
"AA LADIES MOTION LITE JACKET GRIS";"HORSE WARE";XXS;GRIS;1;1
"AA MENS MOTION LITE JACKET";"HORSE WARE";XXS;GRAY;1;0
"AA MENS MOTION LITE JACKET";"HORSE WARE";XXS;Negro;0;0
"AA MENS MOTION LITE JACKET";"HORSE WARE";M;Negro;0;0
"AA MENS MOTION LITE JACKET";"HORSE WARE";XS;Negro;0;0
"AA MENS MOTION LITE JACKET";"HORSE WARE";XL;Negro;0;0
"AA MENS MOTION LITE JACKET";"HORSE WARE";S;Negro;0;0
"AA MENS MOTION LITE JACKET";"HORSE WARE";XXS;"HUNTER GREEN";0;0
"AA LADIES MOTION LITE JACKET ";"HORSE WARE";S;AVIATION;1;1
"AA LADIES MOTION LITE JACKET ";"HORSE WARE";L;"HUNTER GREEN";1;1
"AA LADIES MOTION LITTE JACKET";"HORSE WARE";XXS;NAVY;1;1
"AA LADIES MOTION LITTE JACKET";"HORSE WARE";S;"HUNTER GREEN";1;1
"AA LADIES MOTION LITTE JACKET";"HORSE WARE";XS;GREY;1;1
"AA LADIES MOTION LITTE JACKET";"HORSE WARE";XS;BLACK;1;1
"AA LADIES MOTION LITTE JACKET";"HORSE WARE";XXS;GREY;1;1
"AA LADIES MOTION LITTE JACKET";"HORSE WARE";M;"HUNTER GREEN";1;1
"AA LADIES MOTION LITTE JACKET";"HORSE WARE";XS;NAVY;1;0
"AA MENS MOTION LITE JACKET";"HORSE WARE";M;NAVY;3;2
"AA MENS MOTION LITE JACKET";"HORSE WARE";S;AVIATION;1;1
"AA MENS MOTION LITE JACKET";"HORSE WARE";XL;AVIATION;1;0
"AA MENS MOTION LITE JACKET";"HORSE WARE";XL;GREY;1;1
"AA BASEBALL SPORT CAP";"HORSE WARE";UNITALLA;Blanco;1;1
"FINE MESH FLY MASK WITH EARS";"HORSE WARE";UNITALLA;NAVY;1;1
"HORSE RIDING AIRBAG VEST";"IN MOTION";M;BLACK;2;2
"HORSE RIDING AIRBAG VEST";"IN MOTION";XS;BLACK;1;1
"AIRBAG VEST TRIGERS";"IN MOTION";"No Aplica";BLACK;1;0
"HORSE RIDING AIRBAG VEST";"IN MOTION";S;BLACK;1;0
"AIRBAG VEST";"IN MOTION";XL;BLACK;1;1
"HORSE RIDING AIRBAG VEST";"IN MOTION";XL;BLACK;1;1
"HORSE RIDING AIRBAG VEST";INMOTION ;"No Aplica";"No Aplica";1;0
"HORSE RIDING AIRBAG VEST";INMOTION ;"No Aplica";"No Aplica";1;0
"HORSE RIDING AIRBAG VEST";INMOTION ;"No Aplica";"No Aplica";1;0
"BONE KARE";"JARAZ ENTERPRISE ";"No Aplica";"No Aplica";1;0
"KLC-BRKG-159 KENTONM E TECK K GRIP";KINGSLAND;46;"GREY PINSTRIPE";1;1
"KLC-BRKG-155 KESSI W E-TECK K GRIP";KINGSLAND;38;Beige;1;0
"KLC-BRKG-157 KADI W E-TECK K GRIP";KINGSLAND;38;Beige;1;0
"KENTON M E TEC KGRIP BREECHES";KINGSLAND;50;"GREY PINSTRIPE";1;1
"KLC-BRKG-157 KADI W E-TECK K GRIP";KINGSLAND;38;"GREY PINSTRIPE";1;0
"KLC-BRKG-707 KEN BOY JUNIOR";KINGSLAND;146-152;WHITE;1;1
"KLC-BRKG-155 KESSI W E-TECK K GRIP";KINGSLAND;34;WHITE;1;1
"KLC-BRKG-155 KESSI W E-TECK K GRIP";KINGSLAND;40;Beige;1;0
"TOALLA 30CM X 15CM";KINGSLAND;UNITALLA;NAVY;5;3
"CLASSIC SHOW SOCK 3 PACK";KINGSLAND;29-35;BROWN;1;0
"KLC-BRKG-155 KESSI W E-TECK K GRIP";KINGSLAND;42;"BLACK / WHITE";2;2
"KESSI W E-TEC K-GRIP BREECHE";KINGSLAND;34;"BLACK / WHITE";1;1
"KLC-BRKG-155 KESSI W E-TECK K GRIP";KINGSLAND;40;"BLACK / WHITE";3;2
"KENTON M E-TEC K-GRIP BREECHE";KINGSLAND;46;"BLACK / WHITE";1;1
"KLC-BRKG-159 KENTONM E TECK K GRIP";KINGSLAND;50;"BLACK / WHITE";2;2
"KLC-BRKG-159 KENTONM E TECK K GRIP";KINGSLAND;46;"BLACK / WHITE";1;1
"KLC-BRKG-159 KENTONM E TECK K GRIP";KINGSLAND;46;Beige;1;1
"KLC-BRKG-159 KENTONM E TECK K GRIP";KINGSLAND;44;"BLACK / WHITE";1;1
"KLC-BRKG-707 KEN BOY JUNIOR";KINGSLAND;158-164;NAVY;1;1
"PYLOSIN ";LAPISA;"No Aplica";"No Aplica";1;0
SNAK-A-BALL;LIKIT;"No Aplica";ORIGINAL;1;1
"SNAK-A-BALL  ";LIKIT;"No Aplica";ORIGINAL;1;1
ESTRIBOS;LINEAGE;"No Aplica";PLATA;1;0
ESTRIBOS;LINEAGE;"No Aplica";Negro;1;1
"LEGEND ";"MERIAL ";"No Aplica";"No Aplica";1;0
"BYODIL ";"MERIAL ";"No Aplica";"No Aplica";1;0
"PROTECTION PAD";OGILVY;R;"AZUL / BEIGE";1;0
"PROTECTION PAD CROSSCOUNTRY";OGILVY;R;"BLANCO / NEGRO";1;0
"PROTECTION PAD";OGILVY;R;"AZUL / BLANCO";1;0
"PROTECTION PAD";OGILVY;R;Negro;1;0
"PROTECTION PAD";OGILVY;R;"BLANCO / NEGRO";10;0
"SADDIE PAD THICK (MEDIUM)";OGILVY;R;BLACK;1;1
"SADDIE PAD THICK (MEDIUM)";OGILVY;R;"BLANCO / NEGRO";1;1
"SADDIE PAD (MEDIUM)";OGILVY;R;"BLANCO / COLORES";1;1
"SADDIE PAD THICK (MEDIUM)";OGILVY;R;"BLANCO / AZUL";1;1
"SIDDIE PAD (MEDIUM)";OGILVY;R;BLUE/WHITE;3;1
"SIDDIE PAD (MEDIUM)";OGILVY;R;"GRIS /AZUL";1;1
"SADDIE PAD (MEDIUM)";OGILVY;R;"No Aplica";1;1
"PAD BLANCO CON BORREGA";OGILVY;R;Blanco;1;1
"SIDDIE PAD (MEDIUM)";OGILVY;R;"BLANCO / AZUL";1;1
"PADS/HALF PADS PROTECTION PAD";OGILVY;R;NAVY;2;0
"SADDIE PAD (SMALL)";OGILVY;R;"BLUE NAVY";1;1
"COVER PAD";OGILVY;S;"GRIS / ROSA";1;1
"GORRA OGILVY CARMESI";OGILVY;TU;NEGRO/ROJO;1;1
"SUDADERA RN# 104253 PO#1046640";PLATINUM;M;Blanco;1;1
MILTONGLOVES;"RECKL SPORTS";7;"BLACK /001";1;0
"MILTON GLOVES";"RECKL SPORTS";7;"GREY /060";1;1
"ROECK GRIP GLOVES";"RECKL SPORTS";7.5;"BLACK /000";1;0
"MUENSTER GLOVES";"RECKL SPORTS";7.5;"BLACK /000";1;0
"MONTREAL GLOVES";"RECKL SPORTS";7.5;"BLACK/GREY / 008";1;0
"MONTREAL GLOVES";"RECKL SPORTS";7;BLACK/BLUE;1;0
"MUENSTER GLOVES";"RECKL SPORTS";8;"BLACK /000";1;0
"MUENSTER GLOVES";"RECKL SPORTS";8;"GREY /050";1;0
"MILTON GLOVES";"RECKL SPORTS";8;"GREY /060";1;1
"MALTA GLOVES";"RECKL SPORTS";8.5;"BROWN /790";1;0
"MERLBOURNE GLOVES";"RECKL SPORTS";6.5;"BLACK /000";1;0
"LISBOA GLOVES";"RECKL SPORTS";7.5;"BLUE/DIAMONDS /590";1;1
"LISBOA GLOVES";"RECKL SPORTS";7;"GREY/DIAMONDS /080";1;1
"MUENSTER GLOVES";"RECKL SPORTS";8;"BLACK /000";1;0
"MUENSTER GLOVES";"RECKL SPORTS";8.5;"GREY /050";1;0
"ROECK GRIP GLOVES";"RECKL SPORTS";8;"YELLOW / 201";1;0
"MONTREAL GLOVES";"RECKL SPORTS";7;"GREY/BLACK /008";1;1
"MONTREAL GLOVES";"RECKL SPORTS";7;"BLACK/BROWN /079";1;0
"MUENSTER GLOVES";"RECKL SPORTS";7;"LIGHT GREY /050";1;0
"MALTA GLOVES";"RECKL SPORTS";7.5;"BROWN/ 790";1;0
"ROECK GRIP GLOVES";"RECKL SPORTS";7;"KAKI /860";1;0
"ROECK GRIP GLOVES";"RECKL SPORTS";8;"KAKI /080";1;0
"LISBOA GLOVES";"RECKL SPORTS";7;"BLUE /059";1;0
"MALTA GLOVES";"RECKL SPORTS";7;"BROWN /790";1;1
"ROECK GRIP GLOVES";"RECKL SPORTS";7;"BURGUNDY /470";1;0
"MUENSTER GLOVES";"RECKL SPORTS";7.5;"GREY /050";1;1
"ROECK GRIP GLOVES";"RECKL SPORTS";7.5;"KAKI /860";1;0
"ROECK GRIP GLOVES";"RECKL SPORTS";7.5;"GREY /080";1;1
"MONTREAL GLOVES";"RECKL SPORTS";7.5;"BLACK/BROWN /079";1;1
"MONTREAL GLOVES";"RECKL SPORTS";8;"BLACK/BROWN /079";1;0
"LISBOA GLOVES";"RECKL SPORTS";8;"GREY/DIAMONDS / 080";1;0
"MONTREAL GLOVES";"RECKL SPORTS";8;"GREY/BLACK /008";1;1
"MALTA GLOVES";"RECKL SPORTS";8;"BLACK/BROWN /079";1;0
"LISBOA GLOVES";"RECKL SPORTS";7.5;"GREY/DIAMONDS /080";1;0
"LONA GLOVES";"RECKL SPORTS";7;BLACK/WHITE;1;0
"ROECK GRIP GLOVES";"RECKL SPORTS";7.5;"BURGUNDY /470";1;0
"MALTA GLOVES";"RECKL SPORTS";7.5;"BLACK/BROWN /079";0;0
"ROECK-GRIP  ";"ROECKL SPORTS ";"No Aplica";GRIS;1;0
"GUANTES MILTON";"ROECKL SPORTS ";0;"BLACK/GREY / 008";1;0
"A-C HEADPIECE + FLASH NOSE BAND";"SILVER CROWN";0;BLACK;1;0
"CAL03OM Cavaletti - Halter";"SILVER CROWN";0;Oak/Navy;1;0
"M02B KIB PRO MARTINGALE";"SILVER CROWN";0;BLACK;13;1
"Têtière doha/Noseband brasilian";"SILVER CROWN";"No Aplica";"CONKER L";1;1
"Tetiere estoril/Leather fork/Flash N/B attach ";"SILVER CROWN";"No Aplica";"CONKER L";1;1
"Têtière comporta/Half moon noseban";"SILVER CROWN";"No Aplica";"CONKER L";1;1
"Têtière headpiece adaptative/Valla nose band";"SILVER CROWN";"No Aplica";BLACK;1;1
"SWEET TASTY HORSE TREATS 3 PZ";"STUD MUFFINS";"No Aplica";"No Aplica";1;0
"VENICE LIGHT STIRRUPS";"TECH STIRRUPS";"No Aplica";SILVER/TITANIUM;1;0
"FLORENCE SPURS";"TECH STIRRUPS";M;TITANIUM;1;1
"MILAN SPURS";"TECH STIRRUPS";M;BLACK;1;0
"VENICE LIGHT STIRRUPS";"TECH STIRRUPS";"No Aplica";"BLACK /TITANIUM";1;0
"FLORENCE SPURS";"TECH STIRRUPS";M;SILVER;1;1
"FLORENCE SPURS";"TECH STIRRUPS";M;"LIGHT BLUE";1;0
"VENICE LIGHT STIRRUPS";"TECH STIRRUPS";"No Aplica";BLACK/SILVER;1;0
"VENICE LIGHT STIRRUPS";"TECH STIRRUPS";"No Aplica";BLACK/BLACK;1;0
"VENICE LIGHT STIRRUPS";"TECH STIRRUPS";"No Aplica";SILVER/TITANIUM;1;1
"VENICE LIGHT STIRRUPS";"TECH STIRRUPS";"No Aplica";BLACK/RED;1;0
"MILAN SPURS";"TECH STIRRUPS";M;SILVER;1;0
"MILAN SPURS";"TECH STIRRUPS";M;"LIGHT BLUE";1;0
"VENICE LIGHT STIRRUPS";"TECH STIRRUPS";"No Aplica";"BLACK /TITANIUM";1;0
"MILAN SPURS";"TECH STIRRUPS";M;GREEN;1;0
ABCD7;"TECH STIRRUPS";135;Amarillo;9;2
"MILAN SPURS";"TECH STIRRUPS";M;TITANIUM;1;0
"VENICE EVO";"TECH STIRRUPS";N/A;BLACK/BLACK;0;0
"VENICE EVO";"TECH STIRRUPS";N/A;"BLACK / RED";0;0
"VENICE EVO";"TECH STIRRUPS";N/A;BLACK/SILVER;0;0
"VENICE EVO";"TECH STIRRUPS";N/A;SILVER/BLACK;0;0
"VENICE EVO";"TECH STIRRUPS";N/A;SILVER/BLUE;0;0
"VENICE EVO";"TECH STIRRUPS";N/A;SILVER/RED;0;0
"VENICE EVO";"TECH STIRRUPS";N/A;SILVER/SILVER;0;0
"VENICE EVO";"TECH STIRRUPS";N/A;SILVER/TITANIUM;0;0
"VENICE LIGHT PLUS";"TECH STIRRUPS";N/A;BLACK/BLACK;0;0
"VENICE LIGHT PLUS";"TECH STIRRUPS";N/A;"BLACK / RED";0;0
"VENICE LIGHT PLUS";"TECH STIRRUPS";N/A;BLACK/SILVER;0;0
"VENICE LIGHT PLUS";"TECH STIRRUPS";N/A;"BLACK /TITANIUM";0;0
"VENICE LIGHT PLUS";"TECH STIRRUPS";"No Aplica";SILVER/BLACK;0;0
"VENICE LIGHT PLUS";"TECH STIRRUPS";N/A;SILVER/BLUE;0;0
"VENICE LIGHT PLUS";"TECH STIRRUPS";N/A;SILVER/RED;0;0
"VENICE LIGHT PLUS";"TECH STIRRUPS";N/A;SILVER/SILVER;0;0
"VENICE LIGHT PLUS";"TECH STIRRUPS";N/A;SILVER/TITANIUM;0;0
"VENICE LIGHT";"TECH STIRRUPS";N/A;BLACK/BLACK;0;0
"VENICE LIGHT";"TECH STIRRUPS";N/A;"BLACK / RED";0;0
"VENICE LIGHT";"TECH STIRRUPS";N/A;BLACK/SILVER;0;0
"VENICE LIGHT";"TECH STIRRUPS";N/A;"BLACK /TITANIUM";0;0
"VENICE LIGHT";"TECH STIRRUPS";N/A;SILVER/BLACK;0;0
"VENICE LIGHT";"TECH STIRRUPS";N/A;SILVER/BLUE;0;0
"VENICE LIGHT";"TECH STIRRUPS";N/A;SILVER/RED;0;0
"VENICE LIGHT";"TECH STIRRUPS";N/A;SILVER/SILVER;0;0
"VENICE LIGHT";"TECH STIRRUPS";N/A;SILVER/TITANIUM;0;0
"THEBIT CAMISA ML";THEBIT;XS;GRIS;1;1
"THEBIT CAMISA MC";THEBIT;S;"No Aplica";1;1
"92 V  W1003 SYCARUS GRIP";VESTRUM;42;"BIANCO OTTICO";1;0
"01 V W3042 OLIMPIA WARM UP JACKET";VESTRUM;S;"BLUE NAVY";1;0
ABC;VESTRUM;7;AJO;10;10
"01 VW3024 MOSCA JACKET";VESTRUM;XS;NERO;1;0
"COV M4580 PORTOFINO COMP SHIRT";VESTRUM;XS;"BLANCO NOS";1;0
"01 V W2011 MONTEVIDEO C JACKET ";VESTRUM;40;"BLUE NAVY";1;0
"91V W150 ROMA V GRIP";VESTRUM;42;"BIANCO OTTICO";1;0
"01 VW3024 LE MANS TRAINING TOP";VESTRUM;M;"BLUE NAVY";1;0
" CO V W3557 LES ARCS VEST";VESTRUM;M;NERO;1;0
"CO V W1002ROMA V GRIP";VESTRUM;36;"BLUE NAVY";1;0
"01 V M3038 VILNUS WARM UP";VESTRUM;S;BLACK;1;0
"01 V M2011 SAPPORO COMP JACK";VESTRUM;48;"BLUE NAVY";1;0
"W6542 LERIC SWEATER";VESTRUM;XS;"BLUE NAVY";1;1
"PANTALON ";VESTRUM;50;"BIANCO OTTICO";1;0
"01V W4552 GLASGOW COMPSHIRT SS";VESTRUM;S;Beige;1;0
"CO V W4009 NANCY LS SHIRT";VESTRUM;XS;ROSA;1;0
"CO V W4510 MEDAN COMP SS SHIRT";VESTRUM;XS;SALMONE;1;1
"COV M1002 SIDNEY V GRIP";VESTRUM;54;Beige;1;1
"HORSENS  SHIRT";VESTRUM;S;"BLANCO OTTICO";1;0
"92 V W1003 SYRACUSE";VESTRUM;44;"BIANCO OTTICO";1;0
"92V M1002 SIDNEY GRIP";VESTRUM;56;"BIANCO SPOICO";1;1
"01 V W3016 BORAS WARM UP JACKET";VESTRUM;XS;SABBIA;1;0
"01 V M3040 STAVANGEI WARM UP";VESTRUM;XL;"BLUE NAVY";1;0
"01 V M3040 STAVANGEI WARM UP";VESTRUM;S;"BLUE NAVY";1;0
"COV M4580 PORTOFINO COMP SHIRT";VESTRUM;XL;"GRIGIO CHIARO";2;1
"92 V W4005 HASSELT LS";VESTRUM;S;NAVY;1;0
"01 V M3038 VILNUS WARM UP";VESTRUM;M;"BLUE NAVY";1;0
"92V W4010 ARONA LS SHIRT";VESTRUM;S;GRIGIO;1;1
"COV M1002 SIDNEY V GRIP";VESTRUM;52;"BLANCO OTTICO";1;1
"GUANTES VESTRUM";VESTRUM;"S /6.5";NERO;1;1
"81V M151 COMP.BREECHES DUBLIN";VESTRUM;48;"BIANCO OTTICO";1;0
"CO V U8003 CREMONA SOCKS";VESTRUM;35/39;"BLUE NAVY";1;0
"92 V W1003 SYRACUSE";VESTRUM;42;"GRIGIO SCURO";1;0
"COV M1002 SIDNEY V GRIP";VESTRUM;48;"BLUE TEMPESTA";1;0
"92V W3009 SAN CANDIDO WARM UP SHIRT";VESTRUM;S;NERO;1;0
"91V  W191 GRENOBLE GRIP";VESTRUM;44;NERO;1;0
"01 VW3024 MOSCA JACKET";VESTRUM;M;NERO;2;2
"CO V W4009 NANCY LS SHIRT";VESTRUM;M;SALMONE;1;1
"CO V W4009 NANCY LS SHIRT";VESTRUM;S;"GRIGIO PERLA";1;1
"91V W187 LORIENT GRIP";VESTRUM;38;"BLUE NAVY";1;0
"01 V M3022 HOUSTON JACKET";VESTRUM;S;"VERDE SCURO";1;0
"01 V M3038 VILNUS WARM UP";VESTRUM;M;BLACK;1;0
"W6540 ARENDAL SWEATER";VESTRUM;XS;"BLUE NAVY";1;1
"PANTALON ";VESTRUM;54;"BIANCO OTTICO";1;0
"CO V M4580 KETCHUM LS SHIRT";VESTRUM;XS;"BLUE NAVY NOS";1;1
"CO V W4009 NANCY LS SHIRT";VESTRUM;S;ROSA;1;1
"92V W4005 HASSELT LS SHIRT";VESTRUM;S;"BLUE NAVY";1;1
"COV M1002 SIDNEY V GRIP";VESTRUM;44;"BLANCO OTTICO";1;0
"CO V W4510 MEDAN COMP SS SHIRT";VESTRUM;XS;AVÍO;1;0
"92 M1002 SIDNEY";VESTRUM;46;"BLANCO OTTICO";1;0
"COLONIA BELT ";VESTRUM;95;MORO;1;1
"92V M1000 DUBLINO GRIP";VESTRUM;44;"BIANCO SPOICO";1;1
"CO V W1002 ROMA V GRIP";VESTRUM;38;"VERDE OBSCURO";1;1
"01 V M 6001 SASSARI T SHIRT ";VESTRUM;L;TORTORA;1;1
"92 V  W1003 SYCARUS GRIP";VESTRUM;38;"BIANCO OTTICO";1;0
"92 W4008 COMPETE SHIRT";VESTRUM;X2;GRIS;1;0
"CO V W4510 MEDAN COMP SS SHIRT";VESTRUM;M;AVÍO;1;0
"SHIRT MC";VESTRUM;M;GRIGIO;1;0
"COV M1002 SIDNEY V GRIP";VESTRUM;46;"BLUE TEMPESTA";1;0
"GUANTES VESTRUM";VESTRUM;"M /7";NERO;1;1
"PANTALON ";VESTRUM;46;"BIANCO OTTICO";1;1
"CO V U8414 CARRARA CAP";VESTRUM;UNITALLA;BIANCO;1;1
"91V W155 SYRACUSE";VESTRUM;40;"BIANCO OTTICO";1;1
"991 W178 LORIENT GRIP";VESTRUM;42;SALVIA;1;0
"COV M1002 SIDNEY V GRIP";VESTRUM;50;"BLUE TEMPESTA";1;1
"92V W3009 SAN CANDIDO WARM UP SHIRT";VESTRUM;M;NERO;1;0
"92V M1000 DUBLINO GRIP";VESTRUM;48;"BIANCO OTTICO";1;0
"92 V  W1003 SYCARUS GRIP";VESTRUM;44;"BIANCO OTTICO";1;0
"01 VW3024 MOSCA JACKET";VESTRUM;M;MIEL;10;0
"92 V  W1003 SYCARUS GRIP";VESTRUM;40;"BIANCO OTTICO";1;0
"91 W465 COMPT SHIRT BATON ROUGE";VESTRUM;M;"WHITE / GREY";1;1
"01 V M3038 VILNUS WARM UP";VESTRUM;XL;"BLUE NAVY";1;0
"CO V W4510 MEDAN COMP SS SHIRT";VESTRUM;XXS;SALMONE;1;1
"91V W451 MEDIAN COMPLETE SHIRT";VESTRUM;M;"BIANCO OTTICO";1;1
"01 V M2011 SAPPORO COMP JACK";VESTRUM;46;"BLUE NAVY";1;0
"GUANTES VESTRUM";VESTRUM;"L /7.5";NERO;1;0
"PANTALON ";VESTRUM;48;"BIANCO OTTICO";1;0
"CO V U8414 CARRARA CAP";VESTRUM;UNITALLA;NERO;1;0
"CO V W1002 ROMA V GRIP";VESTRUM;36;Beige;1;1
"91V W155 SYRACUSE";VESTRUM;42;"BIANCO OTTICO";1;0
"01 V W 4546 ZAGABRIA SHIRT S/S";VESTRUM;M;SALMONE;1;1
"COV M1002 SIDNEY V GRIP";VESTRUM;48;Beige;1;0
"91V  W191 GRENOBLE GRIP";VESTRUM;44;"BIANCO OTTICO";1;0
"92 V  W1000 LE HARVE GRIP";VESTRUM;42;"BIANCO OTTICO";1;0
"01V W3028 CANCUN  JACKET";VESTRUM;S;"BLUE NAVY";1;0
"01 V M 3557 LEVI GILET";VESTRUM;M;NERO;1;1
"01 V W3042 OLIMPIA WARM UP JACKET";VESTRUM;M;"BLUE NAVY";1;0
"01 VW3024 MOSCA JACKET";VESTRUM;XS;"VERDE SCURO";1;0
"01 VW3024 MOSCA JACKET";VESTRUM;M;MIEL;1;0
"01VW3022 AKITA JACKET";VESTRUM;S;NAVY;1;0
"CO V W4009 NANCY LS SHIRT";VESTRUM;XXS;ROSA;1;1
"01 V W4548 PISA SHIRT S/S";VESTRUM;XXS;"VERDE MIL";1;1
"01 V M 6001 SASSARI T SHIRT ";VESTRUM;S;TORTORA;1;1
"01 V M3022 HOUSTON JACKET";VESTRUM;M;"VERDE SCURO";1;0
"01 V M3038 VILNUS WARM UP";VESTRUM;L;BLACK;1;0
"COV M4580 PORTOFINO COMP SHIRT";VESTRUM;XS;"BLANCO NOS";1;0
"CO V W4510 MEDAN COMP SS SHIRT";VESTRUM;M;ROSA;1;1
"92V M1000 DUBLINO GRIP";VESTRUM;50;"GRIGIO SCURO";1;0
"01V W4552 GLASGOW COMPSHIRT SS";VESTRUM;S;"BLANCO OTTICO";1;0
"CO V M4580 KETCHUM LS SHIRT";VESTRUM;S;"BLUE NAVY NOS";2;2
"92V W4007 SAVANNAH LS SHIRT";VESTRUM;S;GRIGIO;1;1
"COLONIA BELT ";VESTRUM;75;"BLUE NAVY";1;0
"92V M1002 SIDNEY GRIP";VESTRUM;44;"BLUE NAVY";1;1
"01 V M6506 NAPOLI TRAINING TOP";VESTRUM;S;"BLUE NAVY";1;0
"92V W3007 BERNA JACKET";VESTRUM;XS;"SABBIA S C";1;0
"01 V M3022 HOUSTON JACKET";VESTRUM;L;"VERDE SCURO";1;0
"01 V M3038 VILNUS WARM UP";VESTRUM;XL;BLACK;1;0
"COV M4580 PORTOFINO COMP SHIRT";VESTRUM;L;"GRIGIO CHIARO";1;1
"CO V W4510 MEDAN COMP SS SHIRT";VESTRUM;XS;AVÍO;1;1
"01 V M3038 VILNUS WARM UP";VESTRUM;S;"BLUE NAVY";1;0
"CO V W4510 MEDAN COMP SS SHIRT";VESTRUM;XS;"GRIGIO PERLA";1;1
"92V W4008 BRATISLAVA LS SHIRT";VESTRUM;XS;LAVANDA;1;1
"92V M1000 DUBLINO GRIP";VESTRUM;50;"GRIGIO SCURO";1;0
"COLONIA BELT ";VESTRUM;95;"BLUE NAVY";1;0
"CO V W1003 SYRACUSE V. GRIP";VESTRUM;36;"BLUE TEMPORALE ";1;0
"91V W150 ROMA V GRIP";VESTRUM;40;"BIANCO OTTICO";1;0
"92V M1000 DUBLINO GRIP";VESTRUM;54;"BIANCO OTTICO";1;0
"91 V  W141 LE HARVE GRIP";VESTRUM;46;"BIANCO OTTICO";1;0
"CO V W4009 NANCY LS SHIRT";VESTRUM;M;AVÍO;1;1
" CO V W3557 LES ARCS VEST";VESTRUM;S;NERO;1;1
"01 V M 3557 LEVI GILET";VESTRUM;S;"BLUE NAVY";1;0
"01 V M 3557 LEVI GILET";VESTRUM;M;"BLUE NAVY";1;0
"01 V W 4546 ZAGABRIA SHIRT S/S";VESTRUM;S;" BEIGE";1;1
"01 V W 4546 ZAGABRIA SHIRT S/S";VESTRUM;XS;" BEIGE";1;1
"LERICI SWEATER";VESTRUM;XS;"BLUE NAVY";1;1
"01 V M2011 SAPPORO COMP JACK";VESTRUM;50;"BLUE NAVY";1;0
"VILNIUS WARM UP";VESTRUM;M;"BLUE NAVY";1;1
"STAVANGER WARM UP ";VESTRUM;L;ROJO;2;1
"01 V M 3557 LEVI GILET";VESTRUM;L;"BLUE NAVY";1;0
"Cincinnati com shirt";VESTRUM;L;"BLUE NAVY";1;1
"Sassari t-shirt";VESTRUM;L;"No Aplica";1;1
"01 V W2011 MONTEVIDEO C JACKET ";VESTRUM;38;"GRIGIO MEDIO";1;1
"01 V W2011 MONTEVIDEO C JACKET ";VESTRUM;40;"GRIGIO MEDIO";1;1
"01 V W2011 MONTEVIDEO C JACKET ";VESTRUM;38;"BLUE NAVY";1;1
"01 V W2011 MONTEVIDEO C JACKET ";VESTRUM;42;"GRIGIO MEDIO";1;1
"BORAS WARM UP JACKET";VESTRUM;S;" BEIGE";1;1
"BORAS WARM UP JACKET";VESTRUM;M;" BEIGE";1;1
"AKITA JACKET";VESTRUM;M;MIEL;1;1
"AKITA JACKET";VESTRUM;M;MIEL;1;1
"AKITA JACKET ";VESTRUM;XS;MIEL;1;0
"01 V W3026 ODENSE JACKET";VESTRUM;M;NERO;1;1
"01 V W3026 ODENSE JACKET";VESTRUM;L;NERO;1;1
"CANCUN JACKET";VESTRUM;M;GREEN;1;1
"01V W3028 CANCUN STAMPATO JACKET";VESTRUM;S;"BLUE NAVY";1;0
"01V W3028 CANCUN  JACKET";VESTRUM;XXS;"BLUE NAVY";1;1
"01 V W3034 VILLEURBANNE JACKET";VESTRUM;XS;"BLUE NAVY";1;1
"VILLEUBANNE JACKET";VESTRUM;M;"BLUE NAVY";1;1
"VILLEURBANNE JACKET ";VESTRUM;S;"BLUE NAVY";1;1
"OLIMPIA WARM UP JAK";VESTRUM;S;BLACK;1;1
"OLIMPIA WARM UP JAK";VESTRUM;XS;BLACK;1;1
"CO V W4510 MEDAN COMP SS SHIRT";VESTRUM;XXS;PINK;1;1
"CO V W4510 MEDAN COMP SS SHIRT";VESTRUM;M;" BEIGE";1;1
"CO V W4510 MEDAN COMP SS SHIRT";VESTRUM;XS;PINK;1;1
"CO V W4009 NANCY LS SHIRT";VESTRUM;M;PINK;1;1
"CO V W4510 MEDAN COMP SS SHIRT";VESTRUM;XXS;"GRIGIO PERLA";1;1
"01 V W 4546 ZAGABRIA SHIRT S/S";VESTRUM;S;"GRIGIO MEDIO";2;2
"01 V W 4546 ZAGABRIA SHIRT S/S";VESTRUM;M;"GRIGIO MEDIO";1;1
"ZAGABRIA SHIRT S/S";VESTRUM;M;"GRIS / ROSA";1;1
"01 V W 4546 ZAGABRIA SHIRT S/S";VESTRUM;XS;"GRIGIO MEDIO";1;1
"01 V W4548 PISA SHIRT S/S";VESTRUM;XS;GREEN;1;1
"01 V W4548 PISA SHIRT S/S";VESTRUM;S;GREEN;1;1
"01 V W4548 PISA SHIRT S/S";VESTRUM;M;GREEN;1;1
"01V W4552 GLASGOW COMPSHIRT SS";VESTRUM;M;Beige;1;1
"01V W4552 GLASGOW COMPSHIRT SS";VESTRUM;XS;Beige;1;1
"COIMBRA GILET";VESTRUM;M;"BLUE NAVY";1;1
"Berkeley com shirt";VESTRUM;L;"BLUE NAVY";1;1
"SYRACUSE GRIP";VESTRUM;40;"BLANCO OTTICO";1;1
"LORENT GRIP";VESTRUM;38;GREEN;1;0
"LORIENT GRIP";VESTRUM;42;"GRIGIO PERLA";1;0
"GRENOBLE GRIP ";VESTRUM;42;NERO;2;2
"91V W1004 LORENT GRIP";VESTRUM;38;"GRIGIO PERLA";2;2
"GRENOBLE GRIP";VESTRUM;38;NERO;2;0
"GRENOBLE GRIP ";VESTRUM;42;"GRIGIO PERLA";1;0
"LAVAL COMPET. SHIRT ";VESTRUM;S;"BLUE NAVY";2;2
"BATON ROUGE ";VESTRUM;M;"GRIGIO PERLA";1;1
"92V M1000 DUBLINO GRIP";VESTRUM;56;"BIANCO OTTICO";1;0
"DUBLINO GRIP";VESTRUM;50;GRIGIO;1;1
"92V M1000 DUBLINO GRIP";VESTRUM;50;"BIANCO OTTICO";3;0
"92V M1000 DUBLINO GRIP";VESTRUM;46;"GRIGIO SCURO";1;0
"92V M1002 SIDNEY GRIP";VESTRUM;56;"BIANCO OTTICO";1;1
"DUBLINO GRIP";VESTRUM;48;" BEIGE";1;1
"Ketchum ls shirt";VESTRUM;L;"BIANCO OTTICO";1;1
"COLONIA BELT ";VESTRUM;95;CAFÉ;1;1
"BONN SADDLE PAD ";VESTRUM;R;BLU;3;3
"92V  W1004 LORIENT GRIP";VESTRUM;38;"BEIGE CHAIRO";1;0
"LORIENT GRIP";VESTRUM;42;"GRIGIO MEDIO";1;1
"92V  W1004 LORIENT GRIP";VESTRUM;42;"BIANCO OTTICO";1;0
"92V  W1004 LORIENT GRIP";VESTRUM;42;"BEIGE CHAIRO";1;0
"92V  W1004 LORIENT GRIP";VESTRUM;38;"GRIGIO MEDIO";2;0
"92V  W1004 LORIENT GRIP";VESTRUM;40;"GRIGIO MEDIO";1;0
"92V 1082 KITZ BUHEL CHAPS GRIP";VESTRUM;42;MORO;1;0
"91V W178 LORIENT GRIP";VESTRUM;42;" BEIGE";1;0
"FIDENZA JACKET ";VESTRUM;S;"BLUE NAVY";1;1
"MORIOKA JACKET";VESTRUM;XS;"BLUE NAVY";1;0
"ALBA JACKET";VESTRUM;S;NERO;1;0
"SAN CANDIDO WARM UP";VESTRUM;S;NERO;1;1
"SAN CANDIDO WARM UP";VESTRUM;XS;NAVY;1;0
"SAN CANDIDO WARM UP";VESTRUM;XS;NERO;1;0
"ERICE WORD SHIRT ";VESTRUM;M;NERO;1;1
"ERICE WORD SHIRT ";VESTRUM;S;NERO;1;1
"SYRACUSE GRIP";VESTRUM;42;"BIANCO OTTICO";2;2
"COIMBRA GILET";VESTRUM;80;"No Aplica";1;1
"ODENSE JACKET";VESTRUM;S;NERO;2;2
"MOSCA JACKET";VESTRUM;S;MIEL;1;1
"HOUSTON JACKET";VESTRUM;XL;GREEN;2;0
"MOSCA JACKET";VESTRUM;XS;MIEL;1;1
"STAVANGEI WARM UP";VESTRUM;M;"BLUE NAVY";1;1
"VILNUS WARM UP";VESTRUM;L;"BLUE NAVY";1;0
"01 V W4556 TACOMA S/S SHIRT";VESTRUM;S;"BLANCO OTTICO";1;1
"AKITA JACKET";VESTRUM;S;MIEL;1;1
"ESTUCHE RAMPLONES";VESTRUM;"No Aplica";"No Aplica";1;1
"LES ARCS VEST";VESTRUM;S;"BLUE NAVY";1;1
"01 V M3040 STAVANGEI WARM UP";VESTRUM;L;"BLUE NAVY";1;0
"AKITA JACKET";VESTRUM;XS;"BLUE NAVY";1;1
"LES ARCS VEST";VESTRUM;M;"BLUE NAVY";1;1
"KETCHUM LS SHIRT";VESTRUM;L;"BLANCO NOS";2;2
"NAPOLI TRAINING TOP";VESTRUM;M;NERO;2;1
"01 VW3024 MOSCA JACKET";VESTRUM;M;GREEN;1;1
"PORTOFINO COMP SHIRT";VESTRUM;L;"BLANCO NOS";2;1
"SIDNEY V GRIP";VESTRUM;44;"BLUE TEMPESTA";1;1
"COV M1002 SIDNEY V GRIP";VESTRUM;48;"BLANCO OTTICO";6;6
"COV M1002 SIDNEY V GRIP";VESTRUM;50;"BLANCO OTTICO";8;1
"01 V M 3557 LEVI GILET";VESTRUM;S;NERO;1;0
"CO V M4580 KETCHUM LS SHIRT";VESTRUM;S;"BLANCO NOS";1;1
"CO V M4580 KETCHUM LS SHIRT";VESTRUM;XL;"BLANCO NOS";1;1
"CO V M4580 KETCHUM LS SHIRT";VESTRUM;L;"BLUE NAVY NOS";1;1
"CO V M4580 KETCHUM LS SHIRT";VESTRUM;M;"BLANCO NOS";3;1
"CO V M4580 KETCHUM LS SHIRT";VESTRUM;XL;"BLUE NAVY NOS";1;1
"CO V M4580 KETCHUM LS SHIRT";VESTRUM;M;"BLUE NAVY NOS";3;3
"CO V M4580 KETCHUM LS SHIRT";VESTRUM;XS;"BLANCO NOS";1;0
"COV M4580 PORTOFINO COMP SHIRT";VESTRUM;XL;"BLANCO NOS";1;0
"PORTOFINO COMP SHIRT";VESTRUM;L;"GRIGIO CHIARO";1;1
"COV M4580 PORTOFINO COMP SHIRT";VESTRUM;S;"BLANCO NOS";1;1
"COV M4580 PORTOFINO COMP SHIRT";VESTRUM;XS;"GRIGIO CHIARO";1;1
"COV M4580 PORTOFINO COMP SHIRT";VESTRUM;M;"BLANCO NOS";3;3
"01 V M 6001 SASSARI T SHIRT ";VESTRUM;M;" BEIGE";1;1
"01 V M 6001 SASSARI T SHIRT ";VESTRUM;XS;" BEIGE";1;1
"CREMONA SOCKS";VESTRUM;39/46;"BLUE NAVY";3;3
"CREMONA SOCKS";VESTRUM;35/39;"BLUE NAVY";5;5
"CHIETI SOCKS";VESTRUM;35/39;MORO;5;5
"CHIETI SOCKS";VESTRUM;35/39;"BLUE NAVY";3;3
"CHIETI SOCKS";VESTRUM;35/39;MORO;5;5
"PALERMO SOCKS";VESTRUM;35/39;NERO;4;3
"COLONIA BELT ";VESTRUM;80;MORO;1;0
"ROMA V GRIP";VESTRUM;38;Beige;4;3
"ROMA V GRIP";VESTRUM;42;"BLUE NAVY";2;2
"ROMA V GRIP";VESTRUM;42;Beige;2;1
"ROMA V GRIP";VESTRUM;36;"BLANCO OTTICO";2;2
"CO V W1002 ROMA V GRIP";VESTRUM;42;"BLANCO OTTICO";1;1
"ROMA V GRIP";VESTRUM;38;GREEN;1;1
"SYRACUSE V GRIP ";VESTRUM;36;"BLANCO OTTICO";3;2
"SYRACUSE V GRIP ";VESTRUM;42;"GRIGIO MEDIO";2;2
"SYRACUSE V GRIP";VESTRUM;38;"BLANCO OTTICO";5;5
"SYRACUSE V GRIP";VESTRUM;40;"BLUE TEMPORALE ";3;3
"SYRACUSE GRIP";VESTRUM;40;"BLANCO OTTICO";4;4
"CO V W1003 SYRACUSE V. GRIP ";VESTRUM;42;"BLUE TEMPORALE ";3;2
"SYRACUSE V GRIP ";VESTRUM;38;"GRIGIO MEDIO";3;3
"CO V W1004 LORIENT V GRIP";VESTRUM;42;"BLANCO OTTICO";4;4
"CO V W1004 LORIENT V GRIP";VESTRUM;42;Beige;2;2
"CO V W1004 LORIENT V GRIP";VESTRUM;40;"BLANCO OTTICO";4;2
"92V W4007 SAVANNAH LS SHIRT";VESTRUM;M;GRIGIO;1;1
"CO V W4009 NANCY LS SHIRT";VESTRUM;M;"GRIGIO PERLA";1;1
"CO V W4009 NANCY LS SHIRT";VESTRUM;XXS;"GRIGIO PERLA";1;1
"CO V W4009 NANCY LS SHIRT";VESTRUM;XXS;AVÍO;1;1
"CO V W4009 NANCY LS SHIRT";VESTRUM;XS;AVÍO;3;3
"CO V W4009 NANCY LS SHIRT";VESTRUM;XS;"GRIGIO PERLA";2;2
"NANCY LS SHIRT";VESTRUM;M;AVÍO;1;1
"NANCY LS SHIRT";VESTRUM;XXS;PINK;1;1
"CO V W4510 MEDAN COMP SS SHIRT";VESTRUM;S;AVÍO;2;2
"CO V W4510 MEDAN COMP SS SHIRT";VESTRUM;XXS;AVÍO;1;1
"01V W4552 GLASGOW COMPSHIRT SS";VESTRUM;M;"BLANCO OTTICO";1;1
"2 V W4556 TACOMA S/S SHIRT";VESTRUM;XS;Beige;1;1
"6 V W4556 TACOMA S/S SHIRT";VESTRUM;S;BLU;1;0
"01 V W4556 TACOMA S/S SHIRT";VESTRUM;XS;"BLANCO OTTICO";1;1
"7 V W4556 TACOMA S/S SHIRT";VESTRUM;M;BLU;1;0
"3 V W4556 TACOMA S/S SHIRT";VESTRUM;S;Beige;1;1
"01 V W4556 TACOMA S/S SHIRT";VESTRUM;M;"BLANCO OTTICO";1;1
"4 V W4556 TACOMA S/S SHIRT";VESTRUM;M;Beige;1;1
"5 V W4556 TACOMA S/S SHIRT";VESTRUM;XS;BLU;1;0
"BIRMINGHAM SHIRT SS";VESTRUM;S;BLUETTE;2;2
"BIRMINGHAM SHIRT SS";VESTRUM;M;BLUETTE;1;1
"STOCCARDA COMP SHIRT";VESTRUM;M;"BLANCO OTTICO";1;0
"STOCCARDA COMP SHIRT";VESTRUM;XXS;"BLANCO OTTICO";1;1
"STOCCARDA COMP SHIRT";VESTRUM;XS;"BLANCO OTTICO";1;1
"STOCCARDA COMP SHIRT";VESTRUM;S;"BLANCO OTTICO";1;1
"HORSENS  SHIRT";VESTRUM;M;"BLANCO OTTICO";1;0
"HORSENS LS SHIRT";VESTRUM;XS;"BIANCO OTTICO";1;1
"BOOT SOCKS FOR AWESOME";VESTRUM;UNITALLA;Blanco;5;5
SHOCK;VESTRUM;"No Aplica";"No Aplica";1;1
"Phoenix comp jacket";VESTRUM;48;"BLUE NAVY";1;1
"Portofino com shirt";VESTRUM;L;"No Aplica";1;1
"Portofino com shirt";VESTRUM;L;"BLANCO NOS";1;0
"Rio belt";VESTRUM;95;NERO;1;1
"Leeds horse earnet";VESTRUM;TU;"BLUE NAVY";1;1
"ASOLO HORSE EARNET";VESTRUM;TU;"BLUE NAVY";1;1
"ROMA V GRIP";VESTRUM;36;GREEN;1;1
"ROMA V GRIP";VESTRUM;40;GREEN;1;1
"ROMA V GRIP";VESTRUM;36;"BLUE NAVY";1;0
"SYRACUSE V GRIP";VESTRUM;36;"BLUE TEMPORALE ";1;1
"SYRACUSE V GRIP";VESTRUM;36;GRIGIO;1;1
"LORIENT V GRIP BREEEC";VESTRUM;36;Beige;1;1
"CANCUN STAMPATO";VESTRUM;M;"BLUE NAVY";1;1
KYNOSELEN;"VETOQUINOL ";"No Aplica";"No Aplica";1;0
"ARNICA D4 ";"ZIEGLER ";"No Aplica";"No Aplica";1;1
